claim_id	scope	declaration	kind	source
T1	T1	LeechTrees.Foundation.T1_physical_weights_one_two	theorem	LeechTrees/Foundations.lean
T2a	T2a	LeechTrees.Foundation.PosIntTree.T2_forced_mex_initial_segment	theorem	LeechTrees/Foundations.lean
T2b	T2b	LeechTrees.Foundation.T2_forced_mex_merge_persistence	theorem	LeechTrees/Foundations.lean
T3a	T3a	LeechTrees.PaperAlignment.T3_actual_root_parity_equation	theorem	LeechTrees/PaperAlignment.lean
T3b	T3b	LeechTrees.Foundation.t3_taylor_order_condition	theorem	LeechTrees/Foundations.lean
T3b	T3b	LeechTrees.Foundation.T3_taylor_parity_order18	theorem	LeechTrees/Foundations.lean
T4	T4	LeechTrees.Foundation.T4_cut_checksum	theorem	LeechTrees/Foundations.lean
T4	T4	LeechTrees.Foundation.T4_order18_checksum	theorem	LeechTrees/Foundations.lean
T5	T5	LeechTrees.Foundation.T5_every_edge_direct_sum	theorem	LeechTrees/Foundations.lean
T6	T6	LeechTrees.QHop.order18_largestPhysicalEdge_ge_19	theorem	LeechTrees/QHop/Claims.lean
T7	T7	LeechTrees.QHop.order18_simplePath_length_le_14	theorem	LeechTrees/QHop/Adapter.lean
T8a0	T8a0	LeechTrees.ParityTail.T8Collinear.T8_actual_collinear_outer_factorization_closed	theorem	LeechTrees/ParityTailCollinear.lean
T8a1	T8a1	LeechTrees.ParityTail.GraphAdapterV1.T8_actual_noncollinear_zero	theorem	LeechTrees/ParityTailGraphAdapter.lean
T8a	T8a	LeechTrees.ParityTail.T8ExactBundle.T8_actual_collinear_extreme_outer_components	theorem	LeechTrees/ParityTailExactBundle.lean
T8b	T8b	LeechTrees.ParityTail.T8ExactBundle.T8_actual_parity_counts_CF_KF	theorem	LeechTrees/ParityTailExactBundle.lean
T8c	T8c	LeechTrees.ParityTail.T8ExactBundle.T8_actual_moment_coefficients_are_parity_counts	theorem	LeechTrees/ParityTailExactBundle.lean
T8c	T8c	LeechTrees.ParityTail.T8ExactBundle.T8_actual_noncollinear_tripleCoefficient_zero	theorem	LeechTrees/ParityTailExactBundle.lean
T8d	T8d	LeechTrees.ParityTail.GraphAdapterV1.T8_actual_parity_resolved_path_moments	theorem	LeechTrees/ParityTailGraphAdapter.lean
T8e	T8e	LeechTrees.PaperAlignment.T8_order18_target_counts_and_moments	theorem	LeechTrees/PaperAlignment.lean
T8e	T8e	LeechTrees.ParityTail.GraphAdapterV1.T8_actual_order18_parity_moment_system	theorem	LeechTrees/ParityTailGraphAdapter.lean
T8f	T8f	LeechTrees.ParityTail.T8ExactBundle.T8_actual_order18_edge_counts_and_feasibility	theorem	LeechTrees/ParityTailExactBundle.lean
T9a	T9a	LeechTrees.ParityTail.GraphAdapterV1.T9_actual_edge_parity_tail	theorem	LeechTrees/ParityTailGraphAdapter.lean
T9b	T9b	LeechTrees.ParityTail.GraphAdapterV1.T9_actual_edge_saturation	theorem	LeechTrees/ParityTailGraphAdapter.lean
T10	T10	LeechTrees.ParityTail.GraphAdapterV1.T10_actual_weight67_nine_nine	theorem	LeechTrees/ParityTailGraphAdapter.lean
T10b	T10b	LeechTrees.ParityTail.GraphAdapterV1.T10b_actual_weight68_nine_nine	theorem	LeechTrees/ParityTailGraphAdapter.lean
T11	T11	LeechTrees.OddEdges.T11Adapter.T11_no_exactly_one_odd	theorem	LeechTrees/OddEdgesT11Adapter.lean
T12a	T12a	LeechTrees.OddEdges.T12Adapter.t12_two_odd_physical_edges	theorem	LeechTrees/OddEdgesT12Adapter.lean
T12b	T12b	LeechTrees.PaperAlignment.T12_order18_no_exactly_two_odd_physical_edges	theorem	LeechTrees/PaperAlignment.lean
C17	C17	LeechTrees.OddEdges.GraphAdapter.order18_oddPhysicalEdgeCount_ne_seventeen	theorem	LeechTrees/OddEdgesGraphAdapter.lean
F1	F1	LeechTrees.Foundation.firstEdge_physical_split	theorem	LeechTrees/FirstEdge.lean
F4	F4	LeechTrees.Foundation.everyEdge_hole_identity	theorem	LeechTrees/EdgeHole.lean
F9a	F9a	LeechTrees.OddQuotient.dist_eq_two_mul_rho	theorem	LeechTrees/OddQuotient/Components.lean
F9a	F9a	LeechTrees.OddQuotient.quotientEdgePair_injective	theorem	LeechTrees/OddQuotient/QuotientRoutes.lean
F9a	F9a	LeechTrees.OddQuotient.oddBridgeQuotientEdgeEquiv	def	LeechTrees/OddQuotient/QuotientRoutes.lean
F9a	F9a	LeechTrees.OddQuotient.quotientGraph_isTree	theorem	LeechTrees/OddQuotient/QuotientRoutes.lean
F9b	F9b	LeechTrees.OddQuotient.dist_eq_two_mul_canonicalRouteHalfRank_add_mod	theorem	LeechTrees/OddQuotient/QuotientRoutes.lean
F9b	F9b	LeechTrees.OddQuotient.routeCost_cons_cons	theorem	LeechTrees/OddQuotient/QuotientRoutes.lean
F9b	F9b	LeechTrees.OddQuotient.routeShift_cons	theorem	LeechTrees/OddQuotient/QuotientRoutes.lean
F9c	F9c	LeechTrees.OddQuotient.vertexPairIndexEquiv	def	LeechTrees/OddQuotient/PairPartition.lean
F9c	F9c	LeechTrees.OddQuotient.rankPoly_coeff	theorem	LeechTrees/OddQuotient/RankPolynomial.lean
F9c	F9c	LeechTrees.OddQuotient.crossPoly_coeff	theorem	LeechTrees/OddQuotient/QuotientPolynomials.lean
F9c	F9c	LeechTrees.OddQuotient.allHalfRankPoly_decomposition	theorem	LeechTrees/OddQuotient/QuotientPolynomials.lean
F9c	F9c	LeechTrees.OddQuotient.oddHalfRankPoly_decomposition	theorem	LeechTrees/OddQuotient/F9Endpoints.lean
F9c	F9c	LeechTrees.OddQuotient.evenHalfRankPoly_decomposition	theorem	LeechTrees/OddQuotient/F9Endpoints.lean
F9d	F9d	LeechTrees.OddQuotient.F9_coefficientwise_odd_quotient	theorem	LeechTrees/OddQuotient/F9Endpoints.lean
F9e	F9e	LeechTrees.OddQuotient.exists_twoPortGate	theorem	LeechTrees/OddQuotient/TwoPortCoordinates.lean
F9e	F9e	LeechTrees.OddQuotient.exists_twoPortCoord	theorem	LeechTrees/OddQuotient/TwoPortCoordinates.lean
D3a	D3a	LeechTrees.Extension.no_weightedPathPresentation_of_five_le	theorem	LeechTrees/Extensions.lean
D3b	D3b	LeechTrees.Extension.physicalWeightSet_ne_initial_of_five_le	theorem	LeechTrees/Extensions.lean
D4a0	D4a0	LeechTrees.Extension.completesOneLeafTail_iff	theorem	LeechTrees/Extensions.lean
D4a0	D4a0	LeechTrees.OperationAdapters.LiteralOneLeafAttachment.completesOneLeafTail	theorem	LeechTrees/LeafAttachmentAdapter.lean
D4a0	D4a0	LeechTrees.LeafRange.rootedDepthSet_ne_range_of_four_le	theorem	LeechTrees/LeafRange.lean
D4a	D4a	LeechTrees.OperationAdapters.LiteralOneLeafAttachment.no_literalOneLeafAttachment_of_four_le	theorem	LeechTrees/LeafAttachmentAdapter.lean
D4a2	D4a2	LeechTrees.SmallLeafBoundary.HasSuccessfulLiteralOneLeafStep	def	LeechTrees/SmallLeafBoundary.lean
D4a2	D4a2	LeechTrees.SmallLeafBoundary.hasSuccessfulLiteralOneLeafStep_one	theorem	LeechTrees/SmallLeafBoundary.lean
D4a2	D4a2	LeechTrees.SmallLeafBoundary.hasSuccessfulLiteralOneLeafStep_two	theorem	LeechTrees/SmallLeafBoundary.lean
D4a2	D4a2	LeechTrees.SmallLeafBoundary.hasSuccessfulLiteralOneLeafStep_three	theorem	LeechTrees/SmallLeafBoundary.lean
D4a2	D4a2	LeechTrees.SmallLeafBoundary.hasSuccessfulLiteralOneLeafStep_iff_of_two_le	theorem	LeechTrees/SmallLeafBoundary.lean
D4a2	D4a2	LeechTrees.SmallLeafBoundary.hasSuccessfulLiteralOneLeafStep_iff_of_one_le	theorem	LeechTrees/SmallLeafBoundary.lean
D4b	D4b	LeechTrees.OperationAdapters.LiteralWeightPreservingSubdivision.no_literalWeightPreservingSubdivision	theorem	LeechTrees/OperationAdapters.lean
D4c	D4c	LeechTrees.OperationAdapters.LiteralUnscaledBridge.no_literalUnscaledBridge_of_nontrivial	theorem	LeechTrees/OperationAdapters.lean
D5a	D5a	LeechTrees.LeafRange.UnchangedSubtreeData.unchangedSubtree_range_necessary	theorem	LeechTrees/LeafRange.lean
D5a	D5a	LeechTrees.LeafRange.UnchangedSubtreeData.no_unchangedSubtreeExtension_of_range	theorem	LeechTrees/LeafRange.lean
D5c	D5c	LeechTrees.LeafRange.UnchangedSubtreeData.no_unchangedSubtreeExtension_two_new_of_five_le	theorem	LeechTrees/LeafRange.lean
D5b	D5b	LeechTrees.LeafRange.UnchangedSubtreeData.no_order18_unchangedSubtreeExtension_two_to_seven	theorem	LeechTrees/LeafRange.lean
G017	two-scaled-collision	LeechTrees.AdditionalBlockLifts.two_scaled_complete_spectra_collision	theorem	LeechTrees/Expanded/BlockLifts/BlockLiftObstructions.lean
G017	order-six-scaled-collision	LeechTrees.AdditionalBlockLifts.two_scaled_orderSix_blocks_collide	theorem	LeechTrees/Expanded/BlockLifts/BlockLiftObstructions.lean
G017	three-magnitude-profiles	LeechTrees.AdditionalBlockLifts.three_six_vertex_magnitude_profiles	theorem	LeechTrees/Expanded/BlockLifts/BlockLiftObstructions.lean
G017	three-by-three-difference	LeechTrees.AdditionalBlockLifts.threeByThree_sums_injective_iff_difference	theorem	LeechTrees/Expanded/BlockLifts/BlockLiftObstructions.lean
G017	fixture-prefilter	LeechTrees.AdditionalBlockLifts.fixture_bridge_difference_prefilter	theorem	LeechTrees/Expanded/BlockLifts/BlockLiftObstructions.lean
G017	normalized-ap-factorization	LeechTrees.AdditionalBlockLifts.normalized_threeByThree_AP_factorization	theorem	LeechTrees/Expanded/BlockLifts/BlockLiftObstructions.lean
G017	no-ap-cross-class	LeechTrees.AdditionalBlockLifts.no_threeVertex_AP_cross_class	theorem	LeechTrees/Expanded/BlockLifts/BlockLiftObstructions.lean
G019	rooted-scalar-formula	LeechTrees.AdditionalBlockLifts.rootedGaussianForm_eq_scalar_formula	theorem	LeechTrees/Expanded/BlockLifts/GaussianScalarCertificates.lean
G019	depth-two-K-form	LeechTrees.AdditionalBlockLifts.depthTwo_quotient_KForm_eq_rootedGaussianForm	theorem	LeechTrees/Expanded/BlockLifts/GaussianScalarCertificates.lean
G019	certificate-family	LeechTrees.AdditionalBlockLifts.high_component_actual_quotient_K_certificates	theorem	LeechTrees/Expanded/BlockLifts/GaussianScalarCertificates.lean
G019	scalar-nonexclusion	LeechTrees.AdditionalBlockLifts.scalar_gaussian_layer_cannot_exclude_any_count_four_to_eighteen	theorem	LeechTrees/Expanded/BlockLifts/GaussianScalarCertificates.lean
G022	p5-expansion	LeechTrees.AdditionalBlockLifts.p5_KForm_expansion	theorem	LeechTrees/Expanded/BlockLifts/GaussianScalarCertificates.lean
G022	fork-expansion	LeechTrees.AdditionalBlockLifts.fork_KForm_expansion	theorem	LeechTrees/Expanded/BlockLifts/GaussianScalarCertificates.lean
G022	star-expansion	LeechTrees.AdditionalBlockLifts.star_KForm_expansion	theorem	LeechTrees/Expanded/BlockLifts/GaussianScalarCertificates.lean
G022	star-leaf-pattern	LeechTrees.AdditionalBlockLifts.star_leaf_pattern	theorem	LeechTrees/Expanded/BlockLifts/GaussianScalarCertificates.lean
G018	block-target-spectrum-obstruction	LeechTrees.AdditionalBlockLifts.no_odd_complete_star_block_target_spectrum	theorem	LeechTrees/Expanded/BlockLifts/OddCompleteBlock.lean
G017	no-two-actual-blocks	LeechTrees.AdditionalBlockLifts.no_two_disjoint_embedded_scaled_orderSix_blocks	theorem	LeechTrees/Expanded/BlockLifts/BlockLiftGraphAdapters.lean
G017	no-three-actual-blocks	LeechTrees.AdditionalBlockLifts.no_actual_three_scaled_orderSix_partition	theorem	LeechTrees/Expanded/BlockLifts/BlockLiftGraphAdapters.lean
G017	no-recursive-gadget-lift	LeechTrees.AdditionalBlockLifts.no_actual_recursive_six_center_gadget_lift	theorem	LeechTrees/Expanded/BlockLifts/BlockLiftGraphAdapters.lean
G017	actual-topology-iff	LeechTrees.AdditionalBlockLifts.actual_threeBlock_topology_isLeech_iff	theorem	LeechTrees/Expanded/BlockLifts/BlockLiftGraphAdapters.lean
G022	actual-shape	LeechTrees.AdditionalBlockLifts.fourOdd_quotient_shape	theorem	LeechTrees/Expanded/BlockLifts/FourOddGaussianAdapter.lean
G022	actual-five-tree-frame	LeechTrees.AdditionalBlockLifts.exists_actualFiveTreeFrame	theorem	LeechTrees/Expanded/BlockLifts/FourOddGaussianAdapter.lean
G022	actual-gaussian-identity	LeechTrees.AdditionalBlockLifts.actual_fourOdd_gaussian_identity	theorem	LeechTrees/Expanded/BlockLifts/FourOddGaussianAdapter.lean
G022	actual-shape-specific-expansion	LeechTrees.AdditionalBlockLifts.G022_actual_shape_specific_K_expansion	theorem	LeechTrees/Expanded/BlockLifts/FourOddGaussianAdapter.lean
G022	actual-domain-shape	LeechTrees.AdditionalBlockLifts.G022_actual_fourOdd_quotient_identity_domain_shape	theorem	LeechTrees/Expanded/BlockLifts/FourOddGaussianAdapter.lean
G018	architecture-to-model	LeechTrees.AdditionalBlockLifts.OddCompleteStarArchitecture.toFirstMomentModel	def	LeechTrees/Expanded/BlockLifts/OddCompleteBlockArchitecture.lean
G018	architecture-obstruction	LeechTrees.AdditionalBlockLifts.OddCompleteStarArchitecture.no_odd_complete_star_architecture_target_spectrum	theorem	LeechTrees/Expanded/BlockLifts/OddCompleteBlockArchitecture.lean
G018	architecture-final-obstruction	LeechTrees.AdditionalBlockLifts.OddCompleteStarArchitecture.no_odd_complete_star_architecture	theorem	LeechTrees/Expanded/BlockLifts/OddCompleteBlockArchitecture.lean
G001	row-adjacent-none	LeechTrees.Foundation.FirstEdgeDossier.adjacentNoneRow_of_placement	theorem	LeechTrees/Expanded/FirstEdge/FirstEdgeDossier.lean
G001	row-adjacent-meets-one	LeechTrees.Foundation.FirstEdgeDossier.adjacentMeetsOneRow_of_placement	theorem	LeechTrees/Expanded/FirstEdge/FirstEdgeDossier.lean
G001	row-adjacent-meets-two	LeechTrees.Foundation.FirstEdgeDossier.adjacentMeetsTwoRow_of_placement	theorem	LeechTrees/Expanded/FirstEdge/FirstEdgeDossier.lean
G001	row-adjacent-meets-both	LeechTrees.Foundation.FirstEdgeDossier.adjacentMeetsBothRow_of_placement	theorem	LeechTrees/Expanded/FirstEdge/FirstEdgeDossier.lean
G001	row-disjoint-none	LeechTrees.Foundation.FirstEdgeDossier.disjointNoneRow_of_placement	theorem	LeechTrees/Expanded/FirstEdge/FirstEdgeDossier.lean
G001	row-disjoint-meets-one	LeechTrees.Foundation.FirstEdgeDossier.disjointMeetsOneRow_of_placement	theorem	LeechTrees/Expanded/FirstEdge/FirstEdgeDossier.lean
G001	row-disjoint-meets-two	LeechTrees.Foundation.FirstEdgeDossier.disjointMeetsTwoRow_of_placement	theorem	LeechTrees/Expanded/FirstEdge/FirstEdgeDossier.lean
G001	row-disjoint-meets-both	LeechTrees.Foundation.FirstEdgeDossier.disjointMeetsBothRow_of_placement	theorem	LeechTrees/Expanded/FirstEdge/FirstEdgeDossier.lean
G001	eight-row-dossier	LeechTrees.Foundation.FirstEdgeDossier.eightRowDossier_of_weights	theorem	LeechTrees/Expanded/FirstEdge/FirstEdgeDossier.lean
G001	paper-facing-bundle	LeechTrees.Foundation.FirstEdgeDossier.firstEdge_eightRowDossier	theorem	LeechTrees/Expanded/FirstEdge/FirstEdgeDossier.lean
G021	legacy-model-cardinality	LeechTrees.OddQuotient.ThreeOddMasterCover.legacyModel_card	theorem	LeechTrees/Expanded/MultiportTail/ThreeOddMasterCover.lean
G021	master-cardinality	LeechTrees.OddQuotient.ThreeOddMasterCover.master_card	theorem	LeechTrees/Expanded/MultiportTail/ThreeOddMasterCover.lean
G021	open-branch-iff	LeechTrees.OddQuotient.ThreeOddActualCover.openMultiport_iff_oldAssignment_nonempty	theorem	LeechTrees/Expanded/MultiportTail/ActualThreeOddCover.lean
G021	unique-master-realization	LeechTrees.OddQuotient.ThreeOddActualCover.existsUnique_masterRealization	theorem	LeechTrees/Expanded/MultiportTail/ActualThreeOddCover.lean
G021	unique-master	LeechTrees.OddQuotient.ThreeOddActualCover.exists_assignment_unique_master_of_openMultiport	theorem	LeechTrees/Expanded/MultiportTail/ActualThreeOddCover.lean
G021	assignment-set-equality	LeechTrees.OddQuotient.ThreeOddActualCover.old_assignment_set_eq_ten_master_union	theorem	LeechTrees/Expanded/MultiportTail/ActualThreeOddCover.lean
G021	exact-index-and-table	LeechTrees.OddQuotient.ThreeOddActualCover.exact_index_universe_and_master_table	theorem	LeechTrees/Expanded/MultiportTail/ActualThreeOddCover.lean
G023	A-even-coefficient-decomposition	LeechTrees.ParityTailConditional.HalfDepthRows.E_coefficient_decomposition	theorem	LeechTrees/Expanded/MultiportTail/ParityTailConditionalAtoms.lean
G023	A-odd-coefficient-decomposition	LeechTrees.ParityTailConditional.HalfDepthRows.O_coefficient_decomposition	theorem	LeechTrees/Expanded/MultiportTail/ParityTailConditionalAtoms.lean
G023	A-block-size-identities	LeechTrees.ParityTailConditional.HalfDepthRows.parity_block_size_identities	theorem	LeechTrees/Expanded/MultiportTail/ParityTailConditionalAtoms.lean
G023	A-odd-imbalance-relation	LeechTrees.ParityTailConditional.HalfDepthRows.odd_edge_imbalance_relation	theorem	LeechTrees/Expanded/MultiportTail/ParityTailConditionalAtoms.lean
G023	A-even-imbalance-relation	LeechTrees.ParityTailConditional.HalfDepthRows.even_edge_imbalance_relation	theorem	LeechTrees/Expanded/MultiportTail/ParityTailConditionalAtoms.lean
G023	D-direct-image-iff	LeechTrees.ParityTailConditional.coefficient_system_iff_direct_image	theorem	LeechTrees/Expanded/MultiportTail/ParityTailConditionalAtoms.lean
G023	B-three-shape-disjunction	LeechTrees.ParityTailConditional.Q67System.three_shape_disjunction	theorem	LeechTrees/Expanded/MultiportTail/ParityTailConditionalAtoms.lean
G023	C-product-five-boundary	LeechTrees.ParityTailConditional.Q67System.product_five_boundary_memberships	theorem	LeechTrees/Expanded/MultiportTail/ParityTailConditionalAtoms.lean
G023	D-coupled-reduction	LeechTrees.ParityTailConditional.Q67System.corrected_coupled_coefficient_reduction	theorem	LeechTrees/Expanded/MultiportTail/ParityTailConditionalAtoms.lean
G023	E-branch-hole-counts	LeechTrees.ParityTailConditional.Q66System.branch_hole_counts	theorem	LeechTrees/Expanded/MultiportTail/ParityTailConditionalAtoms.lean
G023	E-negative-five-holes	LeechTrees.ParityTailConditional.Q66System.negative_five_exact_holes	theorem	LeechTrees/Expanded/MultiportTail/ParityTailConditionalAtoms.lean
G023	E-product-three-holes	LeechTrees.ParityTailConditional.Q66System.product_three_exact_holes	theorem	LeechTrees/Expanded/MultiportTail/ParityTailConditionalAtoms.lean
G023	F-coefficient-identity	LeechTrees.ParityTailConditional.SevenHoleRows.coefficient_identity	theorem	LeechTrees/Expanded/MultiportTail/ParityTailConditionalAtoms.lean
G023	F-difference-intersection	LeechTrees.ParityTailConditional.SevenHoleRows.difference_intersection_eq_zero	theorem	LeechTrees/Expanded/MultiportTail/ParityTailConditionalAtoms.lean
G023	F-hole-sum	LeechTrees.ParityTailConditional.SevenHoleRows.hole_sum_identity	theorem	LeechTrees/Expanded/MultiportTail/ParityTailConditionalAtoms.lean
G023	G-residue-convolution	LeechTrees.ParityTailConditional.SevenHoleRows.residue_convolution	theorem	LeechTrees/Expanded/MultiportTail/ParityTailConditionalAtoms.lean
G023	G-depth-span	LeechTrees.ParityTailConditional.depth_span_bounds	theorem	LeechTrees/Expanded/MultiportTail/ParityTailConditionalAtoms.lean
G023	H-gaussian-real	LeechTrees.ParityTailConditional.SevenHoleRows.gaussian_real_equation	theorem	LeechTrees/Expanded/MultiportTail/ParityTailConditionalAtoms.lean
G023	H-gaussian-imag	LeechTrees.ParityTailConditional.SevenHoleRows.gaussian_imag_equation	theorem	LeechTrees/Expanded/MultiportTail/ParityTailConditionalAtoms.lean
G023	H-negative-five-prefilter	LeechTrees.ParityTailConditional.SevenHoleRows.negative_five_gaussian_prefilter	theorem	LeechTrees/Expanded/MultiportTail/ParityTailConditionalAtoms.lean
G023	H-product-three-prefilter	LeechTrees.ParityTailConditional.SevenHoleRows.product_three_gaussian_prefilter	theorem	LeechTrees/Expanded/MultiportTail/ParityTailConditionalAtoms.lean
G023	actual-seven-hole-rows	LeechTrees.ParityTailConditional.Actual.actualSevenHoleRows	def	LeechTrees/Expanded/MultiportTail/ParityTailPhysicalAdapters.lean
G023	actual-seven-hole-card	LeechTrees.ParityTailConditional.Actual.actual_seven_hole_card	theorem	LeechTrees/Expanded/MultiportTail/ParityTailPhysicalAdapters.lean
G023	actual-seven-hole-convolution	LeechTrees.ParityTailConditional.Actual.actual_seven_hole_convolution	theorem	LeechTrees/Expanded/MultiportTail/ParityTailPhysicalAdapters.lean
G023	actual-half-depth-rows	LeechTrees.ParityTailConditional.Actual.actualHalfDepthRows	def	LeechTrees/Expanded/MultiportTail/ParityTailPhysicalAdapters.lean
G023	even-exponent-injective	LeechTrees.ParityTailConditional.Actual.actual_evenExponent_injective	theorem	LeechTrees/Expanded/MultiportTail/ParityTailPhysicalAdapters.lean
G023	odd-exponent-injective	LeechTrees.ParityTailConditional.Actual.actual_oddExponent_injective	theorem	LeechTrees/Expanded/MultiportTail/ParityTailPhysicalAdapters.lean
G023	even-range-q67	LeechTrees.ParityTailConditional.Actual.actual_evenExponent_range_q67	theorem	LeechTrees/Expanded/MultiportTail/ParityTailPhysicalAdapters.lean
G023	odd-range-q67	LeechTrees.ParityTailConditional.Actual.actual_oddExponent_range_q67	theorem	LeechTrees/Expanded/MultiportTail/ParityTailPhysicalAdapters.lean
G023	even-range-q66	LeechTrees.ParityTailConditional.Actual.actual_evenExponent_range_q66	theorem	LeechTrees/Expanded/MultiportTail/ParityTailPhysicalAdapters.lean
G023	odd-range-q66	LeechTrees.ParityTailConditional.Actual.actual_oddExponent_range_q66	theorem	LeechTrees/Expanded/MultiportTail/ParityTailPhysicalAdapters.lean
G023	odd-imbalance	LeechTrees.ParityTailConditional.Actual.actual_odd_edge_imbalance	theorem	LeechTrees/Expanded/MultiportTail/ParityTailPhysicalAdapters.lean
G023	even-imbalance	LeechTrees.ParityTailConditional.Actual.actual_even_edge_imbalance	theorem	LeechTrees/Expanded/MultiportTail/ParityTailPhysicalAdapters.lean
G023	actual-q67-system	LeechTrees.ParityTailConditional.Actual.actualQ67System	def	LeechTrees/Expanded/MultiportTail/ParityTailPhysicalAdapters.lean
G023	actual-q66-system	LeechTrees.ParityTailConditional.Actual.actualQ66System	def	LeechTrees/Expanded/MultiportTail/ParityTailPhysicalAdapters.lean
G023	q67-shapes	LeechTrees.ParityTailConditional.Actual.actual_q67_three_shapes	theorem	LeechTrees/Expanded/MultiportTail/ParityTailPhysicalAdapters.lean
G023	q67-shapes-and-holes	LeechTrees.ParityTailConditional.Actual.actual_q67_three_shapes_and_holes	theorem	LeechTrees/Expanded/MultiportTail/ParityTailPhysicalAdapters.lean
G023	q66-branch-shapes	LeechTrees.ParityTailConditional.Actual.actual_q66_branch_shapes	theorem	LeechTrees/Expanded/MultiportTail/ParityTailPhysicalAdapters.lean
G023	q67-product-five-boundary	LeechTrees.ParityTailConditional.Actual.actual_q67_product_five_boundary	theorem	LeechTrees/Expanded/MultiportTail/ParityTailPhysicalAdapters.lean
G023	q67-product-neg-three-boundary	LeechTrees.ParityTailConditional.Actual.actual_q67_product_neg_three_boundary	theorem	LeechTrees/Expanded/MultiportTail/ParityTailPhysicalAdapters.lean
G023	q66-negative-five-boundary	LeechTrees.ParityTailConditional.Actual.actual_q66_negative_five_boundary	theorem	LeechTrees/Expanded/MultiportTail/ParityTailPhysicalAdapters.lean
G023	q66-product-three-low-boundary	LeechTrees.ParityTailConditional.Actual.actual_q66_product_three_low_boundary	theorem	LeechTrees/Expanded/MultiportTail/ParityTailPhysicalAdapters.lean
G023	q67-negative-five-checksums	LeechTrees.ParityTailConditional.Actual.actual_q67_negative_five_checksums	theorem	LeechTrees/Expanded/MultiportTail/ParityTailPhysicalAdapters.lean
G023	q67-product-neg-three-checksums	LeechTrees.ParityTailConditional.Actual.actual_q67_product_neg_three_checksums	theorem	LeechTrees/Expanded/MultiportTail/ParityTailPhysicalAdapters.lean
G023	q66-depth-span	LeechTrees.ParityTailConditional.Actual.actual_q66_depth_span	theorem	LeechTrees/Expanded/MultiportTail/ParityTailPhysicalAdapters.lean
G023	raw-image-offset	LeechTrees.ParityTailConditional.Actual.actual_raw_image_eq_crossOffset	theorem	LeechTrees/Expanded/MultiportTail/ParityTailPhysicalAdapters.lean
G023	raw-even-hole-half-hole	LeechTrees.ParityTailConditional.Actual.actual_raw_even_hole_iff_half_hole	theorem	LeechTrees/Expanded/MultiportTail/ParityTailPhysicalAdapters.lean
G023	raw-odd-hole-half-hole	LeechTrees.ParityTailConditional.Actual.actual_raw_odd_hole_iff_half_hole	theorem	LeechTrees/Expanded/MultiportTail/ParityTailPhysicalAdapters.lean
G023	q66-hole-parity-totals	LeechTrees.ParityTailConditional.Actual.actual_q66_hole_parity_totals	theorem	LeechTrees/Expanded/MultiportTail/ParityTailPhysicalAdapters.lean
G023	raw-hole-sum-split	LeechTrees.ParityTailConditional.Actual.actual_raw_hole_sum_split	theorem	LeechTrees/Expanded/MultiportTail/ParityTailPhysicalAdapters.lean
G023	q66-specialized-congruences	LeechTrees.ParityTailConditional.Actual.actual_q66_specialized_congruences	theorem	LeechTrees/Expanded/MultiportTail/ParityTailPhysicalAdapters.lean
G023	q66-gaussian-prefilter	LeechTrees.ParityTailConditional.Actual.actual_q66_gaussian_prefilter	theorem	LeechTrees/Expanded/MultiportTail/ParityTailPhysicalAdapters.lean
G020	path-frame	LeechTrees.OddQuotient.ThreePort.exists_pathFrame	theorem	LeechTrees/Expanded/MultiportTail/ThreePortCoordinates.lean
G020	forward-from-path-frame	LeechTrees.OddQuotient.ThreePort.forwardCoordinates_of_pathFrame	theorem	LeechTrees/Expanded/MultiportTail/ThreePortCoordinates.lean
G020	actual-forward-coordinates	LeechTrees.OddQuotient.ThreePort.exists_forwardCoordinates	theorem	LeechTrees/Expanded/MultiportTail/ThreePortCoordinates.lean
G020	scoped-reconstruction	LeechTrees.OddQuotient.ThreePort.ScopedParentChoice.reconstructs_exact_named_component	theorem	LeechTrees/Expanded/MultiportTail/ThreePortCoordinates.lean
G024	c-broom	LeechTrees.PathMulticut.BroomWitness.broom	def	LeechTrees/Expanded/PathMulticut/BroomWitness.lean
G024	c-edge-exhaustion	LeechTrees.PathMulticut.BroomWitness.edgeAt_bijective	theorem	LeechTrees/Expanded/PathMulticut/BroomWitness.lean
G024	c-cut-coefficients	LeechTrees.PathMulticut.BroomWitness.actualCutCoefficient_edgeAt	theorem	LeechTrees/Expanded/PathMulticut/BroomWitness.lean
G024	c-central-row	LeechTrees.PathMulticut.BroomWitness.actualCentralMulticutRow	theorem	LeechTrees/Expanded/PathMulticut/BroomWitness.lean
G024	c-same-histogram	LeechTrees.PathMulticut.BroomWitness.same_actual_cutCoefficient_weight_histogram	theorem	LeechTrees/Expanded/PathMulticut/BroomWitness.lean
G024	c-card-five	LeechTrees.PathMulticut.BroomWitness.actual_cut_histograms_card_five	theorem	LeechTrees/Expanded/PathMulticut/BroomWitness.lean
G024	c-multicut-counterexample	LeechTrees.PathMulticut.BroomWitness.actual_histogram_does_not_determine_multicut	theorem	LeechTrees/Expanded/PathMulticut/BroomWitness.lean
G024	c-bound-witness	LeechTrees.PathMulticut.BroomWitness.actual_first_fails_second_attains_lower_bound	theorem	LeechTrees/Expanded/PathMulticut/BroomWitness.lean
G007	sharp-rearrangement	LeechTrees.PathMulticut.sharp_rank_rearrangement	theorem	LeechTrees/Expanded/PathMulticut/RankAllocation.lean
G007	sharp-rearrangement-fixed	LeechTrees.PathMulticut.sharp_rank_rearrangement_with_fixed	theorem	LeechTrees/Expanded/PathMulticut/RankAllocation.lean
G007	cut-side-expansion	LeechTrees.PathMulticut.hopCoefficient_cut_side_expansion	theorem	LeechTrees/Expanded/PathMulticut/GraphHopAllocation.lean
G007	hop-double-count	LeechTrees.PathMulticut.hop_rank_double_count	theorem	LeechTrees/Expanded/PathMulticut/GraphHopAllocation.lean
G007	nonedge-spectrum-equiv	LeechTrees.PathMulticut.actualNonedgeSpectrumEquiv	def	LeechTrees/Expanded/PathMulticut/GraphHopAllocation.lean
G007	parity-bin-card	LeechTrees.PathMulticut.parityHopRankBin_card	theorem	LeechTrees/Expanded/PathMulticut/GraphHopAllocation.lean
G007	physical-bin-one	LeechTrees.PathMulticut.parityHopRankBin_one_eq_physical	theorem	LeechTrees/Expanded/PathMulticut/GraphHopAllocation.lean
G007	parity-bin-sum	LeechTrees.PathMulticut.parityHopRankBin_sum	theorem	LeechTrees/Expanded/PathMulticut/GraphHopAllocation.lean
G007	parity-bin-disjoint	LeechTrees.PathMulticut.parityHopRankBins_disjoint	theorem	LeechTrees/Expanded/PathMulticut/GraphHopAllocation.lean
G007	parity-bin-cover	LeechTrees.PathMulticut.parityHopRankBins_cover	theorem	LeechTrees/Expanded/PathMulticut/GraphHopAllocation.lean
G007	actual-ordering	LeechTrees.PathMulticut.actualHopRankOrdering	def	LeechTrees/Expanded/PathMulticut/GraphHopAllocation.lean
G007	actual-rearrangement	LeechTrees.PathMulticut.HopRankOrdering.actual_hop_rank_rearrangement	theorem	LeechTrees/Expanded/PathMulticut/GraphHopAllocation.lean
G007	actual-bounds	LeechTrees.PathMulticut.actual_hop_rank_bounds	theorem	LeechTrees/Expanded/PathMulticut/GraphHopAllocation.lean
G006	pair-block-union	LeechTrees.PathMulticut.twoCut_pair_block_union	theorem	LeechTrees/Expanded/PathMulticut/MulticutHall.lean
G006	rank-block-union	LeechTrees.PathMulticut.twoCut_rank_block_union	theorem	LeechTrees/Expanded/PathMulticut/MulticutHall.lean
G006	orientation-existence	LeechTrees.PathMulticut.exists_twoCut_AMB_orientation	theorem	LeechTrees/Expanded/PathMulticut/MulticutHall.lean
G006	canonical-orientation	LeechTrees.PathMulticut.actualTwoCutAMBOrientation	def	LeechTrees/Expanded/PathMulticut/MulticutHall.lean
G006	odd-rank-formulas	LeechTrees.PathMulticut.actual_twoCut_AMB_odd_rank_formulas_div	theorem	LeechTrees/Expanded/PathMulticut/MulticutHall.lean
G006	pair-cards	LeechTrees.PathMulticut.actual_twoCut_AMB_pair_cards	theorem	LeechTrees/Expanded/PathMulticut/MulticutHall.lean
G006	rank-cards	LeechTrees.PathMulticut.actual_twoCut_AMB_rank_cards	theorem	LeechTrees/Expanded/PathMulticut/MulticutHall.lean
G006	power-moment-bounds	LeechTrees.PathMulticut.actual_twoCut_powerMoment_bounds	theorem	LeechTrees/Expanded/PathMulticut/MulticutHall.lean
G006	moment-equations	LeechTrees.PathMulticut.actualTwoCutAllocation_moment_equations	theorem	LeechTrees/Expanded/PathMulticut/MulticutHall.lean
G006	all-four-cards	LeechTrees.PathMulticut.actualTwoCutAllocation_AMB_cards	theorem	LeechTrees/Expanded/PathMulticut/MulticutHall.lean
G006	physical-parts	LeechTrees.PathMulticut.actualTwoCutAllocation_physical_parts	theorem	LeechTrees/Expanded/PathMulticut/MulticutHall.lean
G006	recursive-labels	LeechTrees.PathMulticut.recursiveFourBinLabels	def	LeechTrees/Expanded/PathMulticut/MulticutHall.lean
G006	recursive-dp-iff	LeechTrees.PathMulticut.exactFourBinRecursiveDP_nonempty_iff	theorem	LeechTrees/Expanded/PathMulticut/MulticutHall.lean
G006	actual-recursive-dp	LeechTrees.PathMulticut.actualTwoCut_recursiveDP_nonempty	theorem	LeechTrees/Expanded/PathMulticut/MulticutHall.lean
G006	full-graph-conclusion	LeechTrees.PathMulticut.actual_twoCut_graph_conclusion	def	LeechTrees/Expanded/PathMulticut/MulticutHall.lean
G011	signed-second-moment	LeechTrees.PathMulticut.order18_signed_second_moment_eq_neg11781	theorem	LeechTrees/Expanded/PathMulticut/ParityMulticut.lean
G011	unsigned-second-moment	LeechTrees.PathMulticut.order18_unsigned_second_moment_eq_1205589	theorem	LeechTrees/Expanded/PathMulticut/ParityMulticut.lean
G011	ledger-facing-topology-bundle	LeechTrees.PathMulticut.order18_parity_multicut_full_bundle	theorem	LeechTrees/Expanded/PathMulticut/ParityMulticut.lean
G011	diagonal-generic	LeechTrees.PathMulticut.parityCoincidenceEntry_diag_eq_crossParityDomain_card	theorem	LeechTrees/Expanded/PathMulticut/ParityMulticut.lean
G011	diagonal-order18	LeechTrees.PathMulticut.order18_parityCoincidenceEntry_diagonal	theorem	LeechTrees/Expanded/PathMulticut/ParityMulticut.lean
G011	off-diagonal	LeechTrees.PathMulticut.parityCoincidenceEntry_offDiagonal_outer_components	theorem	LeechTrees/Expanded/PathMulticut/ParityMulticut.lean
G011	full-matrix	LeechTrees.PathMulticut.order18_parityCoincidenceEntry_full_bundle	theorem	LeechTrees/Expanded/PathMulticut/ParityMulticut.lean
G011	actual-ordering	LeechTrees.PathMulticut.actualParityMulticutOrdering	def	LeechTrees/Expanded/PathMulticut/ParityMulticut.lean
G011	canonical-rearrangement	LeechTrees.PathMulticut.canonical_actual_punctured_multicut_rearrangement	theorem	LeechTrees/Expanded/PathMulticut/ParityMulticut.lean
G005	selected-marker	LeechTrees.PathMulticut.selectedMarker	def	LeechTrees/Expanded/PathMulticut/ActualSelectedEdgeDecomposition.lean
G005	component-characterization	LeechTrees.PathMulticut.selected_componentOf_eq_iff_no_selected_path	theorem	LeechTrees/Expanded/PathMulticut/ActualSelectedEdgeDecomposition.lean
G005	component-pair	LeechTrees.PathMulticut.SelectedComponentPair	abbrev	LeechTrees/Expanded/PathMulticut/ActualSelectedEdgeDecomposition.lean
G005	gluing-polynomial	LeechTrees.PathMulticut.actual_selectedEdge_gluing_polynomial	theorem	LeechTrees/Expanded/PathMulticut/ActualSelectedEdgeDecomposition.lean
G005	target-equality	LeechTrees.PathMulticut.actual_selectedEdge_gluing_eq_target	theorem	LeechTrees/Expanded/PathMulticut/ActualSelectedEdgeDecomposition.lean
G005	split-rank-injective	LeechTrees.PathMulticut.actual_selectedEdge_splitRank_injective	theorem	LeechTrees/Expanded/PathMulticut/ActualSelectedEdgeDecomposition.lean
G012	selected-block	LeechTrees.PathMulticut.selectedBlock	def	LeechTrees/Expanded/PathMulticut/SelectedBlockHall.lean
G012	selected-block-demand	LeechTrees.PathMulticut.selectedBlockDemand	def	LeechTrees/Expanded/PathMulticut/SelectedBlockHall.lean
G012	selected-route-hops	LeechTrees.PathMulticut.selectedRouteHops	def	LeechTrees/Expanded/PathMulticut/SelectedBlockHall.lean
G012	selected-block-card	LeechTrees.PathMulticut.selectedBlock_card	theorem	LeechTrees/Expanded/PathMulticut/SelectedBlockHall.lean
G012	selected-block-interval	LeechTrees.PathMulticut.selectedBlock_subset_interval	theorem	LeechTrees/Expanded/PathMulticut/SelectedBlockHall.lean
G012	physical-intersection	LeechTrees.PathMulticut.selectedBlock_inter_physical	theorem	LeechTrees/Expanded/PathMulticut/SelectedBlockHall.lean
G012	one-hop-intersection	LeechTrees.PathMulticut.selectedBlock_inter_physical_eq_singleton_of_one_hop	theorem	LeechTrees/Expanded/PathMulticut/SelectedBlockHall.lean
G012	multi-hop-intersection	LeechTrees.PathMulticut.selectedBlock_inter_physical_eq_empty_of_two_le	theorem	LeechTrees/Expanded/PathMulticut/SelectedBlockHall.lean
G012	physical-allowance	LeechTrees.PathMulticut.selectedPhysicalAllowance	def	LeechTrees/Expanded/PathMulticut/SelectedBlockHall.lean
G012	block-allowance-equality	LeechTrees.PathMulticut.selectedBlock_inter_physical_eq_allowance	theorem	LeechTrees/Expanded/PathMulticut/SelectedBlockHall.lean
G012	allowed-set	LeechTrees.PathMulticut.selectedAllowedSet	def	LeechTrees/Expanded/PathMulticut/SelectedBlockHall.lean
G012	allowed-allowance-equality	LeechTrees.PathMulticut.selectedAllowedSet_inter_physical_eq_allowance	theorem	LeechTrees/Expanded/PathMulticut/SelectedBlockHall.lean
G012	allowed-one-hop-intersection	LeechTrees.PathMulticut.selectedAllowedSet_inter_physical_eq_singleton_of_one_hop	theorem	LeechTrees/Expanded/PathMulticut/SelectedBlockHall.lean
G012	allowed-multi-hop-intersection	LeechTrees.PathMulticut.selectedAllowedSet_inter_physical_eq_empty_of_two_le	theorem	LeechTrees/Expanded/PathMulticut/SelectedBlockHall.lean
G012	blocks-disjoint	LeechTrees.PathMulticut.selectedBlocks_disjoint	theorem	LeechTrees/Expanded/PathMulticut/SelectedBlockHall.lean
G012	hall	LeechTrees.PathMulticut.actual_selectedBlock_Hall	theorem	LeechTrees/Expanded/PathMulticut/SelectedBlockHall.lean
G012	hall-iff-injective	LeechTrees.PathMulticut.actual_selectedBlock_Hall_iff_injective	theorem	LeechTrees/Expanded/PathMulticut/SelectedBlockHall.lean
G012	shared-tail	LeechTrees.PathMulticut.actual_selectedBlock_shared_tail	theorem	LeechTrees/Expanded/PathMulticut/SelectedBlockHall.lean
G012	shared-punctured-tail	LeechTrees.PathMulticut.actual_selectedBlock_shared_punctured_tail	theorem	LeechTrees/Expanded/PathMulticut/SelectedBlockHall.lean
G012	order18-tail-card	LeechTrees.PathMulticut.order18_punctured_parity_tail_card	theorem	LeechTrees/Expanded/PathMulticut/SelectedBlockHall.lean
G012	order18-even-tail	LeechTrees.PathMulticut.order18_even_tail_at_two	theorem	LeechTrees/Expanded/PathMulticut/SelectedBlockHall.lean
G012	order18-odd-tail	LeechTrees.PathMulticut.order18_odd_tail_at_three	theorem	LeechTrees/Expanded/PathMulticut/SelectedBlockHall.lean
G004	actual-path-edge-set	LeechTrees.PathMulticut.actualPathSegmentEdges	def	LeechTrees/Expanded/PathMulticut/ActualPathSegmentStatistics.lean
G004	actual-path-weight	LeechTrees.PathMulticut.actualPathSegmentWeight_eq_pairDist	theorem	LeechTrees/Expanded/PathMulticut/ActualPathSegmentStatistics.lean
G004	route-length	LeechTrees.PathMulticut.selectedRouteLength_actualPathSegment_eq_weight	theorem	LeechTrees/Expanded/PathMulticut/ActualPathSegmentStatistics.lean
G004	extreme-selected-block	LeechTrees.PathMulticut.exists_extreme_selectedBlock_eq_pathDistance	theorem	LeechTrees/Expanded/PathMulticut/ActualPathSegmentStatistics.lean
G004	conclusion-type	LeechTrees.PathMulticut.ActualPathSegmentConclusion	structure	LeechTrees/Expanded/PathMulticut/ActualPathSegmentStatistics.lean
G004	full-graph-conclusion	LeechTrees.PathMulticut.actualContiguousPathSegmentConclusion	def	LeechTrees/Expanded/PathMulticut/ActualPathSegmentStatistics.lean
G004	literal-route-total	LeechTrees.PathMulticut.actualContiguousPathSegment_routeLength_eq_weight	theorem	LeechTrees/Expanded/PathMulticut/ActualPathSegmentStatistics.lean
G004	literal-shifted-sumset	LeechTrees.PathMulticut.actualContiguousPathSegment_shiftedSumset	theorem	LeechTrees/Expanded/PathMulticut/ActualPathSegmentStatistics.lean
G013	formal-boundary-lower	LeechTrees.OddQuotient.Q2Bounds.order18G_formalBoundary_lower_bound	theorem	LeechTrees/Expanded/Q2Bounds/Q2Bounds.lean
G013	formal-boundary-attained	LeechTrees.OddQuotient.Q2Bounds.order18G_formalBoundary_attained	theorem	LeechTrees/Expanded/Q2Bounds/Q2Bounds.lean
G013	formal-boundary-table	LeechTrees.OddQuotient.Q2Bounds.order18G_formalBoundary_table	theorem	LeechTrees/Expanded/Q2Bounds/Q2Bounds.lean
G013	primary-cap-table	LeechTrees.OddQuotient.Q2Bounds.order18PrimaryCap_formalBoundary_table	theorem	LeechTrees/Expanded/Q2Bounds/Q2Bounds.lean
G015	q-le-ten	LeechTrees.G015.graph_second_odd_q_le_ten	theorem	LeechTrees/Expanded/Q2Bounds/G015SupportFactor.lean
G015	q-ne-seven	LeechTrees.G015.graph_second_odd_q_ne_seven	theorem	LeechTrees/Expanded/Q2Bounds/G015SupportFactor.lean
G015	actual-q-bounds	LeechTrees.G015.actual_two_odd_q_bounds	theorem	LeechTrees/Expanded/Q2Bounds/G015SupportFactor.lean
G015	distinct-port-ne-eight	LeechTrees.G015.graph_distinctPort_second_odd_q_ne_eight	theorem	LeechTrees/Expanded/Q2Bounds/G015SupportFactor.lean
G015	distinct-port-ne-nine	LeechTrees.G015.graph_distinctPort_second_odd_q_ne_nine	theorem	LeechTrees/Expanded/Q2Bounds/G015SupportFactor.lean
G015	distinct-port-ne-ten	LeechTrees.G015.graph_distinctPort_second_odd_q_ne_ten	theorem	LeechTrees/Expanded/Q2Bounds/G015SupportFactor.lean
G015	distinct-port-q-le-six	LeechTrees.G015.graph_distinctPort_second_odd_q_le_six	theorem	LeechTrees/Expanded/Q2Bounds/G015SupportFactor.lean
G015	distinct-port-q-le-six-ge-nine	LeechTrees.G015.graph_distinctPort_second_odd_q_le_six_of_nine_le	theorem	LeechTrees/Expanded/Q2Bounds/G015SupportFactor.lean
G015	actual-distinct-port-q-le-six	LeechTrees.G015.actual_two_odd_distinctPort_q_le_six	theorem	LeechTrees/Expanded/Q2Bounds/G015SupportFactor.lean
G015	actual-distinct-port-q-le-six-ge-nine	LeechTrees.G015.actual_two_odd_distinctPort_q_le_six_of_nine_le	theorem	LeechTrees/Expanded/Q2Bounds/G015SupportFactor.lean
G016	square-family	LeechTrees.G016.no_exactlyTwo_squareFamily	theorem	LeechTrees/Expanded/Q2Bounds/G016GlobalTwoOdd.lean
G016	square-plus-two-family	LeechTrees.G016.no_exactlyTwo_squarePlusTwoFamily	theorem	LeechTrees/Expanded/Q2Bounds/G016GlobalTwoOdd.lean
G016	order18	LeechTrees.G016.no_exactlyTwo_order18	theorem	LeechTrees/Expanded/Q2Bounds/G016GlobalTwoOdd.lean
G016	order36	LeechTrees.G016.no_exactlyTwo_order36	theorem	LeechTrees/Expanded/Q2Bounds/G016GlobalTwoOdd.lean
G016	interval-factor	LeechTrees.G016.CommonPortAdapter.actual_commonPort_intervalFactor	theorem	LeechTrees/Expanded/Q2Bounds/G016CommonPortAdapter.lean
G016	factor-consequences-ge38	LeechTrees.G016.CommonPortRankOne.actual_commonPort_factorConsequences_ge38	theorem	LeechTrees/Expanded/Q2Bounds/G016CommonPortRankOne.lean
G016	graph-bridge	LeechTrees.G016.CommonPortRankOne.actual_commonPortGraphBridge	theorem	LeechTrees/Expanded/Q2Bounds/G016CommonPortRankOne.lean
G016	impossible-ge38	LeechTrees.G016.CommonPortRankOne.commonPort_impossible_ge38	theorem	LeechTrees/Expanded/Q2Bounds/G016CommonPortRankOne.lean
G016	impossible-ge36	LeechTrees.G016.CommonPortRankOne.commonPort_impossible_ge36	theorem	LeechTrees/Expanded/Q2Bounds/G016CommonPortRankOne.lean
G016	no-common-port-ge36	LeechTrees.G016.CommonPortRankOne.no_commonPort_exactlyTwo_ge36	theorem	LeechTrees/Expanded/Q2Bounds/G016CommonPortRankOne.lean
G013	canonical-primary-cap	LeechTrees.OddQuotient.Q2Bounds.GraphProfiles.order18_canonical_actual_graph_primary_cap	theorem	LeechTrees/Expanded/Q2Bounds/Q2GraphProfiles.lean
G014	canonical-companion-cap	LeechTrees.OddQuotient.Q2Bounds.GraphProfiles.order18_canonical_actual_graph_companion_cap	theorem	LeechTrees/Expanded/Q2Bounds/Q2GraphProfiles.lean
G014	actual-equality-star	LeechTrees.OddQuotient.Q2Bounds.EqualityTruncation.order18_r15_actual_secondOddWeight_seven_star	theorem	LeechTrees/Expanded/Q2Bounds/Q2EqualityTruncation.lean
G014	literal-truncation	LeechTrees.OddQuotient.Q2Bounds.EqualityTruncation.unitRectangle_polynomial_congruent_mod_X_pow_t	theorem	LeechTrees/Expanded/Q2Bounds/Q2EqualityTruncation.lean
G008	bridge-square-lower	LeechTrees.OddCapacity.ActualComponentPair.bridge_sum_ge_square	theorem	LeechTrees/Expanded/RankParity/OddQuotientCapacityConsequences.lean
G008	bridge-distance-upper	LeechTrees.OddCapacity.ActualComponentPair.bridge_sum_le_pairDist	theorem	LeechTrees/Expanded/RankParity/OddQuotientCapacityConsequences.lean
G008	route-parity	LeechTrees.OddCapacity.ActualComponentPair.pairDist_mod_two	theorem	LeechTrees/Expanded/RankParity/OddQuotientCapacityConsequences.lean
G008	quotient-diameter	LeechTrees.OddCapacity.ActualComponentPair.quotient_distance_le_twelve	theorem	LeechTrees/Expanded/RankParity/OddQuotientCapacityConsequences.lean
G008	order18-capacity	LeechTrees.OddCapacity.ActualComponentPair.order18_distance_capacity	theorem	LeechTrees/Expanded/RankParity/OddQuotientCapacityConsequences.lean
G008	length-twelve-boundary	LeechTrees.OddCapacity.ActualComponentPair.length_twelve_contains_weight_one	theorem	LeechTrees/Expanded/RankParity/OddQuotientCapacityConsequences.lean
G024	a-tree	LeechTrees.OddCapacity.ArchivedOrder6.tree	def	LeechTrees/Expanded/RankParity/OddQuotientCapacityConsequences.lean
G024	a-is-leech	LeechTrees.OddCapacity.ArchivedOrder6.isLeech	theorem	LeechTrees/Expanded/RankParity/OddQuotientCapacityConsequences.lean
G024	a-full-spectrum	LeechTrees.OddCapacity.ArchivedOrder6.fullSpectrum	theorem	LeechTrees/Expanded/RankParity/OddQuotientCapacityConsequences.lean
G024	a-physical-weights	LeechTrees.OddCapacity.ArchivedOrder6.physicalWeights_eq	theorem	LeechTrees/Expanded/RankParity/OddQuotientCapacityConsequences.lean
G024	a-odd-physical-weights	LeechTrees.OddCapacity.ArchivedOrder6.oddPhysicalWeights_eq	theorem	LeechTrees/Expanded/RankParity/OddQuotientCapacityConsequences.lean
G024	a-q2-bridge	LeechTrees.OddCapacity.ArchivedOrder6.q2Bridge_is_second_odd_physical_rank	theorem	LeechTrees/Expanded/RankParity/OddQuotientCapacityConsequences.lean
G024	a-color-parity	LeechTrees.OddCapacity.ArchivedOrder6.sameOddQuotientColor_iff_even_pairDist	theorem	LeechTrees/Expanded/RankParity/OddQuotientCapacityConsequences.lean
G024	a-cross-pairs	LeechTrees.OddCapacity.ArchivedOrder6.sameColorCrossPairs	def	LeechTrees/Expanded/RankParity/OddQuotientCapacityConsequences.lean
G024	a-cross-pairs-equality	LeechTrees.OddCapacity.ArchivedOrder6.sameColorCrossPairs_eq	theorem	LeechTrees/Expanded/RankParity/OddQuotientCapacityConsequences.lean
G024	a-cross-distances	LeechTrees.OddCapacity.ArchivedOrder6.sameColorCrossDistances_eq	theorem	LeechTrees/Expanded/RankParity/OddQuotientCapacityConsequences.lean
G024	a-refutation	LeechTrees.OddCapacity.archived_order6_refutes_reversed_below_q2	theorem	LeechTrees/Expanded/RankParity/OddQuotientCapacityConsequences.lean
G008	rooted-merge	LeechTrees.SignedMomentMerge.mergedRootedSignedMoment_eq	theorem	LeechTrees/Expanded/RankParity/OddQuotientCapacityConsequences.lean
G008	pair-merge	LeechTrees.SignedMomentMerge.mergedPairSignedMoment_eq	theorem	LeechTrees/Expanded/RankParity/OddQuotientCapacityConsequences.lean
G002	physical-intersection	LeechTrees.RankParity.crossDistanceSpectrum_inter_physicalWeightSet	theorem	LeechTrees/Expanded/RankParity/PhysicalRankPuncturing.lean
G002	punctured-cap	LeechTrees.RankParity.physicalRank_punctured_cut_cap	theorem	LeechTrees/Expanded/RankParity/PhysicalRankPuncturing.lean
G002	punctured-equality	LeechTrees.RankParity.physicalRank_punctured_cut_cap_eq_iff	theorem	LeechTrees/Expanded/RankParity/PhysicalRankPuncturing.lean
G002	parity-rank-aware-cap	LeechTrees.RankParity.parityChannel_rankAware_cap	theorem	LeechTrees/Expanded/RankParity/PhysicalRankPuncturing.lean
G002	parity-rank-aware-equality	LeechTrees.RankParity.parityChannel_rankAware_eq_iff_exhausted	theorem	LeechTrees/Expanded/RankParity/PhysicalRankPuncturing.lean
G002	parity-coarse-cap	LeechTrees.RankParity.parityChannel_coarse_cap	theorem	LeechTrees/Expanded/RankParity/PhysicalRankPuncturing.lean
G002	parity-coarse-equality	LeechTrees.RankParity.parityChannel_coarse_eq_iff_exact_and_no_earlier_gap	theorem	LeechTrees/Expanded/RankParity/PhysicalRankPuncturing.lean
G003	signed-moment	LeechTrees.RankParity.order18_signed_first_moment	theorem	LeechTrees/Expanded/RankParity/PhysicalRankPuncturing.lean
G003	centered-moment	LeechTrees.RankParity.order18_centered_signed_first_moment	theorem	LeechTrees/Expanded/RankParity/PhysicalRankPuncturing.lean
G003	sign-reversed-moment	LeechTrees.RankParity.order18_sign_reversed_first_moment	theorem	LeechTrees/Expanded/RankParity/PhysicalRankPuncturing.lean
G003	outside-zero-four	LeechTrees.RankParity.order18_exists_imbalance_outside_zero_four	theorem	LeechTrees/Expanded/RankParity/PhysicalRankPuncturing.lean
G003	complement-invariance	LeechTrees.RankParity.outside_zero_four_complement_iff	theorem	LeechTrees/Expanded/RankParity/PhysicalRankPuncturing.lean
G009	joint-flow-iff	LeechTrees.SignedCutFlow.PosIntTreeAdapter.joint_signed_cut_flow_iff	theorem	LeechTrees/Expanded/RankParity/SignedCutFlow.lean
G009	order18-joint-flow-iff	LeechTrees.SignedCutFlow.PosIntTreeAdapter.leech_order18_joint_signed_cut_flow_iff	theorem	LeechTrees/Expanded/RankParity/SignedCutFlow.lean
G024	b-marginal-false-positive	LeechTrees.SignedCutFlow.rooted_eighteen_star_marginal_false_positive	theorem	LeechTrees/Expanded/RankParity/SignedCutFlow.lean
G010	positive-tripod-iff	LeechTrees.ThreePortMedian.positive_tripodDistanceList_nodup_iff	theorem	LeechTrees/Expanded/RankParity/ThreePortMedian.lean
G010	actual-positive-tripod	LeechTrees.ThreePortMedian.ActualPositiveTripod.actualDistanceList_nodup	theorem	LeechTrees/Expanded/RankParity/ThreePortMedian.lean
G010	zero-arm-rejection	LeechTrees.ThreePortMedian.zero_arm_sixDistanceList_not_nodup	theorem	LeechTrees/Expanded/RankParity/ThreePortMedian.lean
G010	positive-boundary-iff	LeechTrees.ThreePortMedian.positive_boundaryDistanceList_nodup_iff	theorem	LeechTrees/Expanded/RankParity/ThreePortMedian.lean
G010	actual-boundary	LeechTrees.ThreePortMedian.ActualBoundaryPath.arm_ne_and_actualDistanceList_nodup	theorem	LeechTrees/Expanded/RankParity/ThreePortMedian.lean
G012	odd-physical-puncture	LeechTrees.PathMulticut.oddCrossDistances_inter_physical_eq_empty	theorem	LeechTrees/Expanded/PathMulticut/OddSharedTailHall.lean
G012	odd-tail-subset	LeechTrees.PathMulticut.oddCrossDistances_subset_punctured_tail	theorem	LeechTrees/Expanded/PathMulticut/OddSharedTailHall.lean
G012	odd-blocks-disjoint	LeechTrees.PathMulticut.oddCrossDistances_disjoint	theorem	LeechTrees/Expanded/PathMulticut/OddSharedTailHall.lean
G012	odd-shared-tail-inequality	LeechTrees.PathMulticut.actual_odd_shared_tail_inequality	theorem	LeechTrees/Expanded/PathMulticut/OddSharedTailHall.lean
G012	formula-25	LeechTrees.PathMulticut.actual_odd_shared_tail_formula25	theorem	LeechTrees/Expanded/PathMulticut/OddSharedTailHall.lean
G012	ell-two	LeechTrees.PathMulticut.actual_odd_shared_tail_ell_two	theorem	LeechTrees/Expanded/PathMulticut/OddSharedTailHall.lean
G012	ell-three	LeechTrees.PathMulticut.actual_odd_shared_tail_ell_three	theorem	LeechTrees/Expanded/PathMulticut/OddSharedTailHall.lean
G012	strictness-graph	LeechTrees.PathMulticut.SharedTailStrictness.graph	def	LeechTrees/Expanded/PathMulticut/OddSharedTailHall.lean
G012	actual-strictness	LeechTrees.PathMulticut.SharedTailStrictness.actual_quotient_shared_tail_strictness	theorem	LeechTrees/Expanded/PathMulticut/OddSharedTailHall.lean
G012	abstract-strictness-wrapper	LeechTrees.PathMulticut.shared_tail_strictness_witness	theorem	LeechTrees/Expanded/PathMulticut/OddSharedTailHall.lean
