plan_version,plan_status,key,selector,coverage_parent,child_index,notes
G001-ROW1-COVER-v3-PROVISIONAL-20260816,PROVISIONAL_DEEP_SPLIT_PROFILE_PENDING,root_0,root:0,seed,0,whole first-level child
G001-ROW1-COVER-v3-PROVISIONAL-20260816,PROVISIONAL_DEEP_SPLIT_PROFILE_PENDING,root_1,root:1,seed,1,whole first-level child
G001-ROW1-COVER-v3-PROVISIONAL-20260816,PROVISIONAL_DEEP_SPLIT_PROFILE_PENDING,path_2_0,"path:2,0",root_2,0,whole second-level child
G001-ROW1-COVER-v3-PROVISIONAL-20260816,PROVISIONAL_DEEP_SPLIT_PROFILE_PENDING,path_2_1,"path:2,1",root_2,1,whole second-level child
G001-ROW1-COVER-v3-PROVISIONAL-20260816,PROVISIONAL_DEEP_SPLIT_PROFILE_PENDING,path_2_2,"path:2,2",root_2,2,whole second-level child
G001-ROW1-COVER-v3-PROVISIONAL-20260816,PROVISIONAL_DEEP_SPLIT_PROFILE_PENDING,path_2_3,"path:2,3",root_2,3,whole second-level child
G001-ROW1-COVER-v3-PROVISIONAL-20260816,PROVISIONAL_DEEP_SPLIT_PROFILE_PENDING,path_2_4,"path:2,4",root_2,4,whole second-level child
G001-ROW1-COVER-v3-PROVISIONAL-20260816,PROVISIONAL_DEEP_SPLIT_PROFILE_PENDING,path_2_5,"path:2,5",root_2,5,whole second-level child
G001-ROW1-COVER-v3-PROVISIONAL-20260816,PROVISIONAL_DEEP_SPLIT_PROFILE_PENDING,path_2_6,"path:2,6",root_2,6,whole second-level child
G001-ROW1-COVER-v3-PROVISIONAL-20260816,PROVISIONAL_DEEP_SPLIT_PROFILE_PENDING,path_2_7,"path:2,7",root_2,7,whole second-level child
G001-ROW1-COVER-v3-PROVISIONAL-20260816,PROVISIONAL_DEEP_SPLIT_PROFILE_PENDING,path_2_8,"path:2,8",root_2,8,whole second-level child
G001-ROW1-COVER-v3-PROVISIONAL-20260816,PROVISIONAL_DEEP_SPLIT_PROFILE_PENDING,path_2_9_0,"path:2,9,0",path_2_9,0,whole child of path 2,9
G001-ROW1-COVER-v3-PROVISIONAL-20260816,PROVISIONAL_DEEP_SPLIT_PROFILE_PENDING,path_2_9_1,"path:2,9,1",path_2_9,1,whole child of path 2,9
G001-ROW1-COVER-v3-PROVISIONAL-20260816,PROVISIONAL_DEEP_SPLIT_PROFILE_PENDING,path_2_9_2,"path:2,9,2",path_2_9,2,whole child of path 2,9
G001-ROW1-COVER-v3-PROVISIONAL-20260816,PROVISIONAL_DEEP_SPLIT_PROFILE_PENDING,path_2_9_3,"path:2,9,3",path_2_9,3,whole child of path 2,9
G001-ROW1-COVER-v3-PROVISIONAL-20260816,PROVISIONAL_DEEP_SPLIT_PROFILE_PENDING,path_2_9_4,"path:2,9,4",path_2_9,4,whole child of path 2,9
G001-ROW1-COVER-v3-PROVISIONAL-20260816,PROVISIONAL_DEEP_SPLIT_PROFILE_PENDING,path_2_9_5,"path:2,9,5",path_2_9,5,whole child of path 2,9
G001-ROW1-COVER-v3-PROVISIONAL-20260816,PROVISIONAL_DEEP_SPLIT_PROFILE_PENDING,path_2_9_6,"path:2,9,6",path_2_9,6,whole child of path 2,9
G001-ROW1-COVER-v3-PROVISIONAL-20260816,PROVISIONAL_DEEP_SPLIT_PROFILE_PENDING,path_2_9_7,"path:2,9,7",path_2_9,7,whole child of path 2,9
G001-ROW1-COVER-v3-PROVISIONAL-20260816,PROVISIONAL_DEEP_SPLIT_PROFILE_PENDING,path_2_9_8,"path:2,9,8",path_2_9,8,whole child of path 2,9
G001-ROW1-COVER-v3-PROVISIONAL-20260816,PROVISIONAL_DEEP_SPLIT_PROFILE_PENDING,path_2_9_9,"path:2,9,9",path_2_9,9,whole child of path 2,9
G001-ROW1-COVER-v3-PROVISIONAL-20260816,PROVISIONAL_DEEP_SPLIT_PROFILE_PENDING,path_2_9_10,"path:2,9,10",path_2_9,10,whole child of path 2,9
G001-ROW1-COVER-v3-PROVISIONAL-20260816,PROVISIONAL_DEEP_SPLIT_PROFILE_PENDING,path_2_9_11,"path:2,9,11",path_2_9,11,whole child of path 2,9
G001-ROW1-COVER-v3-PROVISIONAL-20260816,PROVISIONAL_DEEP_SPLIT_PROFILE_PENDING,path_2_9_12,"path:2,9,12",path_2_9,12,whole child of path 2,9
G001-ROW1-COVER-v3-PROVISIONAL-20260816,PROVISIONAL_DEEP_SPLIT_PROFILE_PENDING,path_2_9_13,"path:2,9,13",path_2_9,13,whole child of path 2,9
G001-ROW1-COVER-v3-PROVISIONAL-20260816,PROVISIONAL_DEEP_SPLIT_PROFILE_PENDING,path_2_9_14,"path:2,9,14",path_2_9,14,whole child of path 2,9
G001-ROW1-COVER-v3-PROVISIONAL-20260816,PROVISIONAL_DEEP_SPLIT_PROFILE_PENDING,path_2_9_15_0,"path:2,9,15,0",path_2_9_15,0,whole child of path 2,9,15
G001-ROW1-COVER-v3-PROVISIONAL-20260816,PROVISIONAL_DEEP_SPLIT_PROFILE_PENDING,path_2_9_15_1,"path:2,9,15,1",path_2_9_15,1,whole child of path 2,9,15
G001-ROW1-COVER-v3-PROVISIONAL-20260816,PROVISIONAL_DEEP_SPLIT_PROFILE_PENDING,path_2_9_15_2,"path:2,9,15,2",path_2_9_15,2,whole child of path 2,9,15
G001-ROW1-COVER-v3-PROVISIONAL-20260816,PROVISIONAL_DEEP_SPLIT_PROFILE_PENDING,path_2_9_15_3,"path:2,9,15,3",path_2_9_15,3,whole child of path 2,9,15
G001-ROW1-COVER-v3-PROVISIONAL-20260816,PROVISIONAL_DEEP_SPLIT_PROFILE_PENDING,path_2_9_15_4,"path:2,9,15,4",path_2_9_15,4,whole child of path 2,9,15
G001-ROW1-COVER-v3-PROVISIONAL-20260816,PROVISIONAL_DEEP_SPLIT_PROFILE_PENDING,path_2_9_15_5,"path:2,9,15,5",path_2_9_15,5,whole child of path 2,9,15
G001-ROW1-COVER-v3-PROVISIONAL-20260816,PROVISIONAL_DEEP_SPLIT_PROFILE_PENDING,path_2_9_15_6,"path:2,9,15,6",path_2_9_15,6,whole child of path 2,9,15
G001-ROW1-COVER-v3-PROVISIONAL-20260816,PROVISIONAL_DEEP_SPLIT_PROFILE_PENDING,path_2_9_15_7,"path:2,9,15,7",path_2_9_15,7,whole child of path 2,9,15
G001-ROW1-COVER-v3-PROVISIONAL-20260816,PROVISIONAL_DEEP_SPLIT_PROFILE_PENDING,path_2_9_15_8,"path:2,9,15,8",path_2_9_15,8,whole child of path 2,9,15
G001-ROW1-COVER-v3-PROVISIONAL-20260816,PROVISIONAL_DEEP_SPLIT_PROFILE_PENDING,path_2_9_15_9,"path:2,9,15,9",path_2_9_15,9,whole child of path 2,9,15
G001-ROW1-COVER-v3-PROVISIONAL-20260816,PROVISIONAL_DEEP_SPLIT_PROFILE_PENDING,path_2_9_15_10,"path:2,9,15,10",path_2_9_15,10,whole child of path 2,9,15
G001-ROW1-COVER-v3-PROVISIONAL-20260816,PROVISIONAL_DEEP_SPLIT_PROFILE_PENDING,path_2_9_15_11,"path:2,9,15,11",path_2_9_15,11,whole child of path 2,9,15
G001-ROW1-COVER-v3-PROVISIONAL-20260816,PROVISIONAL_DEEP_SPLIT_PROFILE_PENDING,path_2_9_15_12,"path:2,9,15,12",path_2_9_15,12,whole child of path 2,9,15
G001-ROW1-COVER-v3-PROVISIONAL-20260816,PROVISIONAL_DEEP_SPLIT_PROFILE_PENDING,path_2_9_15_13,"path:2,9,15,13",path_2_9_15,13,whole child of path 2,9,15
G001-ROW1-COVER-v3-PROVISIONAL-20260816,PROVISIONAL_DEEP_SPLIT_PROFILE_PENDING,path_2_9_15_14,"path:2,9,15,14",path_2_9_15,14,whole child of path 2,9,15
G001-ROW1-COVER-v3-PROVISIONAL-20260816,PROVISIONAL_DEEP_SPLIT_PROFILE_PENDING,path_2_9_15_15,"path:2,9,15,15",path_2_9_15,15,whole child of path 2,9,15
G001-ROW1-COVER-v3-PROVISIONAL-20260816,PROVISIONAL_DEEP_SPLIT_PROFILE_PENDING,path_2_9_15_16,"path:2,9,15,16",path_2_9_15,16,whole child of path 2,9,15
G001-ROW1-COVER-v3-PROVISIONAL-20260816,PROVISIONAL_DEEP_SPLIT_PROFILE_PENDING,path_2_9_15_17,"path:2,9,15,17",path_2_9_15,17,whole child of path 2,9,15
G001-ROW1-COVER-v3-PROVISIONAL-20260816,PROVISIONAL_DEEP_SPLIT_PROFILE_PENDING,path_2_9_15_18,"path:2,9,15,18",path_2_9_15,18,whole child of path 2,9,15
G001-ROW1-COVER-v3-PROVISIONAL-20260816,PROVISIONAL_DEEP_SPLIT_PROFILE_PENDING,path_2_9_15_19,"path:2,9,15,19",path_2_9_15,19,whole child of path 2,9,15
G001-ROW1-COVER-v3-PROVISIONAL-20260816,PROVISIONAL_DEEP_SPLIT_PROFILE_PENDING,path_2_9_15_20,"path:2,9,15,20",path_2_9_15,20,whole child of path 2,9,15
G001-ROW1-COVER-v3-PROVISIONAL-20260816,PROVISIONAL_DEEP_SPLIT_PROFILE_PENDING,path_2_9_15_21,"path:2,9,15,21",path_2_9_15,21,whole child of path 2,9,15
G001-ROW1-COVER-v3-PROVISIONAL-20260816,PROVISIONAL_DEEP_SPLIT_PROFILE_PENDING,path_2_9_15_22_0,"path:2,9,15,22,0",path_2_9_15_22,0,split child of oversized path 2,9,15,22
G001-ROW1-COVER-v3-PROVISIONAL-20260816,PROVISIONAL_DEEP_SPLIT_PROFILE_PENDING,path_2_9_15_22_1,"path:2,9,15,22,1",path_2_9_15_22,1,split child of oversized path 2,9,15,22
G001-ROW1-COVER-v3-PROVISIONAL-20260816,PROVISIONAL_DEEP_SPLIT_PROFILE_PENDING,path_2_9_15_22_2,"path:2,9,15,22,2",path_2_9_15_22,2,split child of oversized path 2,9,15,22
G001-ROW1-COVER-v3-PROVISIONAL-20260816,PROVISIONAL_DEEP_SPLIT_PROFILE_PENDING,path_2_9_15_22_3,"path:2,9,15,22,3",path_2_9_15_22,3,split child of oversized path 2,9,15,22
G001-ROW1-COVER-v3-PROVISIONAL-20260816,PROVISIONAL_DEEP_SPLIT_PROFILE_PENDING,path_2_9_15_22_4,"path:2,9,15,22,4",path_2_9_15_22,4,split child of oversized path 2,9,15,22
G001-ROW1-COVER-v3-PROVISIONAL-20260816,PROVISIONAL_DEEP_SPLIT_PROFILE_PENDING,path_2_9_15_22_5,"path:2,9,15,22,5",path_2_9_15_22,5,split child of oversized path 2,9,15,22
G001-ROW1-COVER-v3-PROVISIONAL-20260816,PROVISIONAL_DEEP_SPLIT_PROFILE_PENDING,path_2_9_15_22_6,"path:2,9,15,22,6",path_2_9_15_22,6,split child of oversized path 2,9,15,22
G001-ROW1-COVER-v3-PROVISIONAL-20260816,PROVISIONAL_DEEP_SPLIT_PROFILE_PENDING,path_2_9_15_22_7,"path:2,9,15,22,7",path_2_9_15_22,7,split child of oversized path 2,9,15,22
G001-ROW1-COVER-v3-PROVISIONAL-20260816,PROVISIONAL_DEEP_SPLIT_PROFILE_PENDING,path_2_9_15_22_8,"path:2,9,15,22,8",path_2_9_15_22,8,split child of oversized path 2,9,15,22
G001-ROW1-COVER-v3-PROVISIONAL-20260816,PROVISIONAL_DEEP_SPLIT_PROFILE_PENDING,path_2_9_15_22_9,"path:2,9,15,22,9",path_2_9_15_22,9,split child of oversized path 2,9,15,22
G001-ROW1-COVER-v3-PROVISIONAL-20260816,PROVISIONAL_DEEP_SPLIT_PROFILE_PENDING,path_2_9_15_22_10,"path:2,9,15,22,10",path_2_9_15_22,10,split child of oversized path 2,9,15,22
G001-ROW1-COVER-v3-PROVISIONAL-20260816,PROVISIONAL_DEEP_SPLIT_PROFILE_PENDING,path_2_9_15_22_11,"path:2,9,15,22,11",path_2_9_15_22,11,split child of oversized path 2,9,15,22
G001-ROW1-COVER-v3-PROVISIONAL-20260816,PROVISIONAL_DEEP_SPLIT_PROFILE_PENDING,path_2_9_15_22_12,"path:2,9,15,22,12",path_2_9_15_22,12,split child of oversized path 2,9,15,22
G001-ROW1-COVER-v3-PROVISIONAL-20260816,PROVISIONAL_DEEP_SPLIT_PROFILE_PENDING,path_2_9_15_22_13,"path:2,9,15,22,13",path_2_9_15_22,13,split child of oversized path 2,9,15,22
G001-ROW1-COVER-v3-PROVISIONAL-20260816,PROVISIONAL_DEEP_SPLIT_PROFILE_PENDING,path_2_9_15_22_14,"path:2,9,15,22,14",path_2_9_15_22,14,split child of oversized path 2,9,15,22
G001-ROW1-COVER-v3-PROVISIONAL-20260816,PROVISIONAL_DEEP_SPLIT_PROFILE_PENDING,path_2_9_15_22_15,"path:2,9,15,22,15",path_2_9_15_22,15,split child of oversized path 2,9,15,22
G001-ROW1-COVER-v3-PROVISIONAL-20260816,PROVISIONAL_DEEP_SPLIT_PROFILE_PENDING,path_2_9_15_22_16,"path:2,9,15,22,16",path_2_9_15_22,16,split child of oversized path 2,9,15,22
G001-ROW1-COVER-v3-PROVISIONAL-20260816,PROVISIONAL_DEEP_SPLIT_PROFILE_PENDING,path_2_9_15_22_17,"path:2,9,15,22,17",path_2_9_15_22,17,split child of oversized path 2,9,15,22
G001-ROW1-COVER-v3-PROVISIONAL-20260816,PROVISIONAL_DEEP_SPLIT_PROFILE_PENDING,path_2_9_15_22_18,"path:2,9,15,22,18",path_2_9_15_22,18,split child of oversized path 2,9,15,22
G001-ROW1-COVER-v3-PROVISIONAL-20260816,PROVISIONAL_DEEP_SPLIT_PROFILE_PENDING,path_2_9_15_22_19,"path:2,9,15,22,19",path_2_9_15_22,19,split child of oversized path 2,9,15,22
G001-ROW1-COVER-v3-PROVISIONAL-20260816,PROVISIONAL_DEEP_SPLIT_PROFILE_PENDING,path_2_9_15_22_20,"path:2,9,15,22,20",path_2_9_15_22,20,split child of oversized path 2,9,15,22
G001-ROW1-COVER-v3-PROVISIONAL-20260816,PROVISIONAL_DEEP_SPLIT_PROFILE_PENDING,path_2_9_15_22_21,"path:2,9,15,22,21",path_2_9_15_22,21,split child of oversized path 2,9,15,22
G001-ROW1-COVER-v3-PROVISIONAL-20260816,PROVISIONAL_DEEP_SPLIT_PROFILE_PENDING,path_2_9_15_22_22,"path:2,9,15,22,22",path_2_9_15_22,22,split child of oversized path 2,9,15,22
G001-ROW1-COVER-v3-PROVISIONAL-20260816,PROVISIONAL_DEEP_SPLIT_PROFILE_PENDING,path_2_9_15_22_23,"path:2,9,15,22,23",path_2_9_15_22,23,split child of oversized path 2,9,15,22
G001-ROW1-COVER-v3-PROVISIONAL-20260816,PROVISIONAL_DEEP_SPLIT_PROFILE_PENDING,path_2_9_15_22_24,"path:2,9,15,22,24",path_2_9_15_22,24,split child of oversized path 2,9,15,22
G001-ROW1-COVER-v3-PROVISIONAL-20260816,PROVISIONAL_DEEP_SPLIT_PROFILE_PENDING,path_2_9_15_22_25,"path:2,9,15,22,25",path_2_9_15_22,25,split child of oversized path 2,9,15,22
G001-ROW1-COVER-v3-PROVISIONAL-20260816,PROVISIONAL_DEEP_SPLIT_PROFILE_PENDING,path_2_9_15_22_26,"path:2,9,15,22,26",path_2_9_15_22,26,split child of oversized path 2,9,15,22
G001-ROW1-COVER-v3-PROVISIONAL-20260816,PROVISIONAL_DEEP_SPLIT_PROFILE_PENDING,path_2_9_15_22_27,"path:2,9,15,22,27",path_2_9_15_22,27,split child of oversized path 2,9,15,22
G001-ROW1-COVER-v3-PROVISIONAL-20260816,PROVISIONAL_DEEP_SPLIT_PROFILE_PENDING,path_2_9_15_22_28,"path:2,9,15,22,28",path_2_9_15_22,28,split child of oversized path 2,9,15,22
G001-ROW1-COVER-v3-PROVISIONAL-20260816,PROVISIONAL_DEEP_SPLIT_PROFILE_PENDING,path_2_9_15_22_29,"path:2,9,15,22,29",path_2_9_15_22,29,split child of oversized path 2,9,15,22
G001-ROW1-COVER-v3-PROVISIONAL-20260816,PROVISIONAL_DEEP_SPLIT_PROFILE_PENDING,path_2_9_15_22_30,"path:2,9,15,22,30",path_2_9_15_22,30,split child of oversized path 2,9,15,22
